<?xml version="1.0" encoding="UTF-8"?>
<project-private xmlns="http://www.netbeans.org/ns/project-private/1">
    <editor-bookmarks xmlns="http://www.netbeans.org/ns/editor-bookmarks/2" lastBookmarkId="0"/>
    <open-files xmlns="http://www.netbeans.org/ns/projectui-open-files/2">
        <group>
            <file>file:/E:/university/7-Semester/Επιλογής/Ασφάλεια%20Δικτύων%20ΙΙ/Homeworks-Lab/Homework2/PassManagerClient/src/ClientMain.java</file>
            <file>file:/E:/university/7-Semester/Επιλογής/Ασφάλεια%20Δικτύων%20ΙΙ/Homeworks-Lab/Homework2/PassManagerClient/src/GUI.java</file>
            <file>file:/E:/university/7-Semester/Επιλογής/Ασφάλεια%20Δικτύων%20ΙΙ/Homeworks-Lab/Homework2/PassManagerClient/src/PassClient.java</file>
        </group>
    </open-files>
</project-private>
